user_id,recency,frequency,monetary,r,f,m,RFM score,customer_segment,CLV
516410494,5,10,948.26,5,5,5,15,High Value,1896.520
575232615,6,7,945.98,5,5,5,15,High Value,1324.372
563927032,3,4,946.00,5,5,5,15,High Value,756.800
518838236,0,3,945.90,5,5,5,15,High Value,567.540
567072106,1,6,946.00,5,5,5,15,High Value,1135.200
514043990,2,5,945.85,5,5,5,15,High Value,945.850
551093413,8,4,945.87,5,5,5,15,High Value,756.696
546655910,5,5,945.54,5,5,5,15,High Value,945.540
555578278,9,5,946.03,5,5,5,15,High Value,946.030
513673299,2,3,914.03,5,5,5,15,High Value,548.418
573336946,7,5,914.06,5,5,5,15,High Value,914.060
532599375,6,5,913.87,5,5,5,15,High Value,913.870
579631927,0,6,914.13,5,5,5,15,High Value,1096.956
567348354,1,4,913.57,5,5,5,15,High Value,730.856
514243433,4,6,913.74,5,5,5,15,High Value,1096.488
547310544,4,4,913.50,5,5,5,15,High Value,730.800
563765515,1,7,1492.18,5,5,5,15,High Value,2089.052
564259853,9,5,1491.35,5,5,5,15,High Value,1491.350
514053627,5,11,1491.54,5,5,5,15,High Value,3281.388
567385528,0,11,1491.07,5,5,5,15,High Value,3280.354
549848418,5,4,1491.63,5,5,5,15,High Value,1193.304
522381983,9,5,1490.88,5,5,5,15,High Value,1490.880
560988236,9,3,1490.90,5,5,5,15,High Value,894.540
558769013,5,5,1490.28,5,5,5,15,High Value,1490.280
540383569,1,5,1491.80,5,5,5,15,High Value,1491.800
513641828,1,11,1489.97,5,5,5,15,High Value,3277.934
569189804,5,4,1490.09,5,5,5,15,High Value,1192.072
536875414,7,4,1489.51,5,5,5,15,High Value,1191.608
561243076,5,3,1489.69,5,5,5,15,High Value,893.814
530060000,8,8,1489.02,5,5,5,15,High Value,2382.432
568449615,5,3,1488.82,5,5,5,15,High Value,893.292
515800785,5,4,1488.22,5,5,5,15,High Value,1190.576
513235654,0,6,1490.23,5,5,5,15,High Value,1788.276
515700258,2,7,1486.94,5,5,5,15,High Value,2081.716
560086092,2,13,1486.89,5,5,5,15,High Value,3865.914
564307485,10,7,1486.15,5,5,5,15,High Value,2080.610
573727233,8,4,1486.40,5,5,5,15,High Value,1189.120
569766293,9,7,1485.51,5,5,5,15,High Value,2079.714
518710041,1,6,1485.41,5,5,5,15,High Value,1782.492
514074792,0,4,1484.37,5,5,5,15,High Value,1187.496
519450872,0,4,1485.78,5,5,5,15,High Value,1188.624
567402136,1,4,1483.09,5,5,5,15,High Value,1186.472
514115003,3,5,1482.85,5,5,5,15,High Value,1482.850
517874980,0,3,1482.30,5,5,5,15,High Value,889.380
512470896,7,4,1482.59,5,5,5,15,High Value,1186.072
569623443,6,7,1481.50,5,5,5,15,High Value,2074.100
557661198,9,7,1481.44,5,5,5,15,High Value,2074.016
540767802,0,4,1481.11,5,5,5,15,High Value,1184.888
570119473,5,6,1043.60,5,5,5,15,High Value,1252.320
575323364,0,4,986.90,5,5,5,15,High Value,789.520
561497076,1,4,986.91,5,5,5,15,High Value,789.528
543982898,3,4,986.54,5,5,5,15,High Value,789.232
572790360,6,5,986.91,5,5,5,15,High Value,986.910
520497704,5,3,986.40,5,5,5,15,High Value,591.840
543804310,2,3,986.41,5,5,5,15,High Value,591.846
521671183,5,5,986.26,5,5,5,15,High Value,986.260
515929545,5,4,986.98,5,5,5,15,High Value,789.584
523259500,0,4,986.02,5,5,5,15,High Value,788.816
512690444,0,19,986.18,5,5,5,15,High Value,3747.484
564773951,8,7,985.93,5,5,5,15,High Value,1380.302
557230994,2,4,986.20,5,5,5,15,High Value,788.960
527055004,3,3,985.82,5,5,5,15,High Value,591.492
523395994,2,11,985.83,5,5,5,15,High Value,2168.826
516617684,3,4,950.44,5,5,5,15,High Value,760.352
577197919,2,4,987.06,5,5,5,15,High Value,789.648
523654854,3,3,949.99,5,5,5,15,High Value,569.994
555511080,1,4,950.01,5,5,5,15,High Value,760.008
571685752,7,7,949.82,5,5,5,15,High Value,1329.748
557012244,2,14,950.02,5,5,5,15,High Value,2660.056
554451768,1,3,949.51,5,5,5,15,High Value,569.706
576487337,4,6,949.57,5,5,5,15,High Value,1139.484
563277173,2,3,949.41,5,5,5,15,High Value,569.646
560699529,1,3,950.07,5,5,5,15,High Value,570.042
562135551,3,5,949.13,5,5,5,15,High Value,949.130
549023251,8,16,949.22,5,5,5,15,High Value,3037.504
513114237,0,5,949.06,5,5,5,15,High Value,949.060
516996789,7,5,949.26,5,5,5,15,High Value,949.260
554968939,1,4,948.77,5,5,5,15,High Value,759.016
517638821,2,6,948.79,5,5,5,15,High Value,1138.548
557373108,9,5,948.55,5,5,5,15,High Value,948.550
574544092,6,4,987.13,5,5,5,15,High Value,789.704
518972107,2,5,947.70,5,5,5,15,High Value,947.700
517010585,6,3,947.96,5,5,5,15,High Value,568.776
525058834,0,3,947.49,5,5,5,15,High Value,568.494
574325807,4,3,948.11,5,5,5,15,High Value,568.866
545951648,0,15,947.19,5,5,5,15,High Value,2841.570
524710497,7,11,947.25,5,5,5,15,High Value,2083.950
560958754,7,3,946.82,5,5,5,15,High Value,568.092
513124207,2,4,948.24,5,5,5,15,High Value,758.592
514538538,0,3,946.47,5,5,5,15,High Value,567.882
531914651,2,3,946.68,5,5,5,15,High Value,568.008
555602074,1,3,946.42,5,5,5,15,High Value,567.852
542427301,4,3,946.68,5,5,5,15,High Value,568.008
550821313,2,7,946.30,5,5,5,15,High Value,1324.820
522793485,4,8,946.35,5,5,5,15,High Value,1514.160
523885314,7,4,946.15,5,5,5,15,High Value,756.920
574727473,8,4,1352.86,5,5,5,15,High Value,1082.288
523202193,0,4,1280.57,5,5,5,15,High Value,1024.456
558434397,0,4,1280.55,5,5,5,15,High Value,1024.440
513296569,4,4,1280.29,5,5,5,15,High Value,1024.232
546180157,3,3,1280.40,5,5,5,15,High Value,768.240
572248384,3,5,1279.55,5,5,5,15,High Value,1279.550
518608657,1,4,1279.50,5,5,5,15,High Value,1023.600
547796793,7,10,1278.64,5,5,5,15,High Value,2557.280
544150165,0,3,1279.75,5,5,5,15,High Value,767.850
572257862,2,6,1277.42,5,5,5,15,High Value,1532.904
565696125,6,4,1277.23,5,5,5,15,High Value,1021.784
526607564,8,6,1276.97,5,5,5,15,High Value,1532.364
517834978,6,6,1277.14,5,5,5,15,High Value,1532.568
518690719,3,9,1275.82,5,5,5,15,High Value,2296.476
567742130,8,4,1275.66,5,5,5,15,High Value,1020.528
531727900,8,4,1274.26,5,5,5,15,High Value,1019.408
542880274,9,3,1281.32,5,5,5,15,High Value,768.792
579913329,0,4,1273.40,5,5,5,15,High Value,1018.720
567039566,0,5,1273.07,5,5,5,15,High Value,1273.070
549467336,5,4,1272.54,5,5,5,15,High Value,1018.032
522386786,2,11,1272.82,5,5,5,15,High Value,2800.204
559383439,5,8,1271.62,5,5,5,15,High Value,2034.592
565682954,4,7,1271.61,5,5,5,15,High Value,1780.254
557918912,9,12,1271.34,5,5,5,15,High Value,3051.216
516384779,3,5,1272.03,5,5,5,15,High Value,1272.030
572922410,0,9,1270.37,5,5,5,15,High Value,2286.666
526539687,4,4,1270.11,5,5,5,15,High Value,1016.088
518881380,0,6,1269.79,5,5,5,15,High Value,1523.748
524081092,0,4,1269.95,5,5,5,15,High Value,1015.960
534319911,3,9,1268.59,5,5,5,15,High Value,2283.462
560430585,9,3,1268.58,5,5,5,15,High Value,761.148
553042641,3,8,1268.07,5,5,5,15,High Value,2028.912
557744301,3,6,1271.15,5,5,5,15,High Value,1525.380
578002607,2,6,1267.42,5,5,5,15,High Value,1520.904
559475940,3,8,1267.42,5,5,5,15,High Value,2027.872
562005845,3,5,1266.78,5,5,5,15,High Value,1266.780
571018042,0,4,1266.96,5,5,5,15,High Value,1013.568
512406745,5,5,1265.90,5,5,5,15,High Value,1265.900
549747193,9,5,1265.88,5,5,5,15,High Value,1265.880
515490420,9,6,1265.60,5,5,5,15,High Value,1518.720
556934017,1,3,1266.13,5,5,5,15,High Value,759.678
525157251,3,4,1264.80,5,5,5,15,High Value,1011.840
521548967,5,4,1264.77,5,5,5,15,High Value,1011.816
567756979,3,9,1123.41,5,5,5,15,High Value,2022.138
567472793,0,11,1264.24,5,5,5,15,High Value,2781.328
556475550,4,4,1123.26,5,5,5,15,High Value,898.608
518474793,1,6,1123.24,5,5,5,15,High Value,1347.888
514258626,2,4,1122.86,5,5,5,15,High Value,898.288
565355454,0,8,1487.99,5,5,5,15,High Value,2380.784
546666745,1,11,1479.66,5,5,5,15,High Value,3255.252
550099505,7,4,1479.63,5,5,5,15,High Value,1183.704
513269302,5,3,1479.18,5,5,5,15,High Value,887.508
573609252,3,6,1479.22,5,5,5,15,High Value,1775.064
542496168,7,3,1478.70,5,5,5,15,High Value,887.220
515117794,6,4,1478.54,5,5,5,15,High Value,1182.832
515368000,6,6,1478.02,5,5,5,15,High Value,1773.624
571880550,5,10,1479.00,5,5,5,15,High Value,2958.000
572086165,2,6,1477.44,5,5,5,15,High Value,1772.928
572568026,2,4,1477.38,5,5,5,15,High Value,1181.904
520513377,0,4,1362.89,5,5,5,15,High Value,1090.312
572180829,1,7,1476.90,5,5,5,15,High Value,2067.660
543026867,4,8,1362.62,5,5,5,15,High Value,2180.192
553734634,3,3,1362.35,5,5,5,15,High Value,817.410
535475733,1,11,1361.99,5,5,5,15,High Value,2996.378
517742468,2,6,1477.68,5,5,5,15,High Value,1773.216
512399481,6,5,1361.30,5,5,5,15,High Value,1361.300
572841989,9,4,1361.27,5,5,5,15,High Value,1089.016
563238442,0,4,1360.87,5,5,5,15,High Value,1088.696
514951099,0,10,1361.11,5,5,5,15,High Value,2722.220
535195724,5,3,1360.29,5,5,5,15,High Value,816.174
557049009,3,9,1360.26,5,5,5,15,High Value,2448.468
572193473,9,6,1359.89,5,5,5,15,High Value,1631.868
571303230,9,4,1360.64,5,5,5,15,High Value,1088.512
512738883,2,7,1358.68,5,5,5,15,High Value,1902.152
532345253,2,8,1358.66,5,5,5,15,High Value,2173.856
547697352,2,9,1358.50,5,5,5,15,High Value,2445.300
530446099,3,8,1358.56,5,5,5,15,High Value,2173.696
514330402,6,8,1357.75,5,5,5,15,High Value,2172.400
537183139,8,9,1357.73,5,5,5,15,High Value,2443.914
571719174,2,4,1356.64,5,5,5,15,High Value,1085.312
561051969,7,5,1480.66,5,5,5,15,High Value,1480.660
561709738,5,4,1355.34,5,5,5,15,High Value,1084.272
577608752,0,10,1355.26,5,5,5,15,High Value,2710.520
549574900,1,7,1354.74,5,5,5,15,High Value,1896.636
531104291,3,4,1354.88,5,5,5,15,High Value,1083.904
512834161,5,6,1353.86,5,5,5,15,High Value,1624.632
560241436,0,3,1353.80,5,5,5,15,High Value,812.280
524683730,8,6,1353.43,5,5,5,15,High Value,1624.116
514018215,2,7,1354.48,5,5,5,15,High Value,1896.272
565979729,4,3,1352.51,5,5,5,15,High Value,811.506
559021426,9,4,1352.50,5,5,5,15,High Value,1082.000
539630495,2,12,1352.33,5,5,5,15,High Value,3245.592
542024996,9,8,1352.37,5,5,5,15,High Value,2163.792
530057092,2,4,1351.92,5,5,5,15,High Value,1081.536
521399669,3,5,1351.87,5,5,5,15,High Value,1351.870
568795054,1,6,1351.52,5,5,5,15,High Value,1621.824
556301215,1,10,1118.61,5,5,5,15,High Value,2237.220
558058876,1,6,1116.33,5,5,5,15,High Value,1339.596
514926019,9,4,1116.52,5,5,5,15,High Value,893.216
542295500,4,4,1116.11,5,5,5,15,High Value,892.888
556638431,4,3,1116.53,5,5,5,15,High Value,669.918
550000903,9,6,1115.78,5,5,5,15,High Value,1338.936
551685343,1,5,1115.89,5,5,5,15,High Value,1115.890
554371622,0,8,1115.41,5,5,5,15,High Value,1784.656
549817235,1,3,1116.59,5,5,5,15,High Value,669.954
538047640,9,6,1114.80,5,5,5,15,High Value,1337.760
557967953,6,3,1114.87,5,5,5,15,High Value,668.922
517861212,2,3,1114.50,5,5,5,15,High Value,668.700
574082583,1,5,1114.87,5,5,5,15,High Value,1114.870
515510574,5,5,1114.35,5,5,5,15,High Value,1114.350
541999338,6,3,1114.39,5,5,5,15,High Value,668.634
571285369,5,3,1114.04,5,5,5,15,High Value,668.424
516285123,2,4,1122.56,5,5,5,15,High Value,898.048
514139404,1,4,1113.00,5,5,5,15,High Value,890.400
574808576,0,4,1113.28,5,5,5,15,High Value,890.624
524893985,8,6,1112.87,5,5,5,15,High Value,1335.444
536912603,1,7,1113.40,5,5,5,15,High Value,1558.760
513077628,9,3,1112.44,5,5,5,15,High Value,667.464
569989014,9,4,1112.58,5,5,5,15,High Value,890.064
550981871,1,5,1112.38,5,5,5,15,High Value,1112.380
573385143,8,3,1113.49,5,5,5,15,High Value,668.094
559435137,3,3,1050.30,5,5,5,15,High Value,630.180
538893447,8,9,1050.43,5,5,5,15,High Value,1890.774
525611765,9,4,1050.07,5,5,5,15,High Value,840.056
527606949,1,7,1050.49,5,5,5,15,High Value,1470.686
574778195,8,4,1049.81,5,5,5,15,High Value,839.848
569439192,9,6,1049.93,5,5,5,15,High Value,1259.916
537478637,8,7,1049.68,5,5,5,15,High Value,1469.552
513055482,9,4,1113.51,5,5,5,15,High Value,890.808
563634415,8,5,1049.45,5,5,5,15,High Value,1049.450
542220465,4,4,1049.49,5,5,5,15,High Value,839.592
512392999,0,6,1049.34,5,5,5,15,High Value,1259.208
577099261,4,4,1049.52,5,5,5,15,High Value,839.616
570539860,1,8,1049.09,5,5,5,15,High Value,1678.544
572313743,3,3,1049.14,5,5,5,15,High Value,629.484
537050771,5,4,1048.91,5,5,5,15,High Value,839.128
553207982,5,3,1049.53,5,5,5,15,High Value,629.718
518737673,0,5,1048.58,5,5,5,15,High Value,1048.580
557716646,0,5,1048.68,5,5,5,15,High Value,1048.680
530668772,4,3,1048.35,5,5,5,15,High Value,629.010
544292328,3,5,1048.68,5,5,5,15,High Value,1048.680
553054675,4,4,1048.11,5,5,5,15,High Value,838.488
575857477,6,4,1048.13,5,5,5,15,High Value,838.504
528286998,7,6,1047.95,5,5,5,15,High Value,1257.540
567598248,9,3,1491.93,5,5,5,15,High Value,895.158
535900624,4,8,1122.28,5,5,5,15,High Value,1795.648
566492950,0,8,1122.34,5,5,5,15,High Value,1795.744
541690825,6,4,1122.17,5,5,5,15,High Value,897.736
555886681,5,7,1122.37,5,5,5,15,High Value,1571.318
556768193,8,3,1121.98,5,5,5,15,High Value,673.188
571398337,4,3,1121.98,5,5,5,15,High Value,673.188
549920926,2,4,1121.62,5,5,5,15,High Value,897.296
575384197,7,8,1122.46,5,5,5,15,High Value,1795.936
512369246,1,7,1121.30,5,5,5,15,High Value,1569.820
513247130,1,7,1121.35,5,5,5,15,High Value,1569.890
518622602,8,3,1121.14,5,5,5,15,High Value,672.684
561450769,5,10,1121.49,5,5,5,15,High Value,2242.980
574949064,3,3,1121.09,5,5,5,15,High Value,672.654
561831448,1,8,1121.09,5,5,5,15,High Value,1793.744
554263326,8,4,1120.82,5,5,5,15,High Value,896.656
519468788,0,8,1122.50,5,5,5,15,High Value,1796.000
543185845,1,6,1120.33,5,5,5,15,High Value,1344.396
535980751,9,3,1120.48,5,5,5,15,High Value,672.288
560190840,4,6,1120.03,5,5,5,15,High Value,1344.036
572061848,0,8,1120.56,5,5,5,15,High Value,1792.896
536890342,8,5,1119.81,5,5,5,15,High Value,1119.810
519482047,9,5,1119.92,5,5,5,15,High Value,1119.920
569455098,9,9,1119.51,5,5,5,15,High Value,2015.118
557604176,9,18,1120.71,5,5,5,15,High Value,4034.556
532516806,0,9,1119.29,5,5,5,15,High Value,2014.722
531696390,4,7,1119.30,5,5,5,15,High Value,1567.020
534055284,9,5,1119.09,5,5,5,15,High Value,1119.090
520455424,5,6,1119.42,5,5,5,15,High Value,1343.304
572513318,6,7,1118.92,5,5,5,15,High Value,1566.488
557072403,4,3,1118.96,5,5,5,15,High Value,671.376
527287623,0,5,1118.83,5,5,5,15,High Value,1118.830
569318189,0,4,1122.51,5,5,5,15,High Value,898.008
566151604,8,10,1118.48,5,5,5,15,High Value,2236.960
528008374,6,12,1118.51,5,5,5,15,High Value,2684.424
573467765,5,8,1118.41,5,5,5,15,High Value,1789.456
555492635,9,4,1118.57,5,5,5,15,High Value,894.856
566819944,0,4,1117.91,5,5,5,15,High Value,894.328
520641850,0,4,1118.04,5,5,5,15,High Value,894.432
578884546,1,3,1117.80,5,5,5,15,High Value,670.680
560833926,7,4,1118.59,5,5,5,15,High Value,894.872
516730147,7,4,1117.45,5,5,5,15,High Value,893.960
514439364,3,6,1117.50,5,5,5,15,High Value,1341.000
562629310,0,4,1117.12,5,5,5,15,High Value,893.696
532659354,1,8,1117.66,5,5,5,15,High Value,1788.256
545844552,6,5,1116.83,5,5,5,15,High Value,1116.830
532462391,2,3,1116.84,5,5,5,15,High Value,670.104
569844445,4,5,1116.68,5,5,5,15,High Value,1116.680
573269526,5,7,1043.42,5,5,5,15,High Value,1460.788
512785034,7,7,992.03,5,5,5,15,High Value,1388.842
512769372,0,3,1041.46,5,5,5,15,High Value,624.876
532008813,2,3,991.84,5,5,5,15,High Value,595.104
564926268,7,10,1041.68,5,5,5,15,High Value,2083.360
549185486,5,3,991.76,5,5,5,15,High Value,595.056
572299500,9,4,991.78,5,5,5,15,High Value,793.424
542644749,0,22,991.61,5,5,5,15,High Value,4363.084
528432415,4,3,1041.72,5,5,5,15,High Value,625.032
569641565,0,5,991.39,5,5,5,15,High Value,991.390
531286074,6,5,991.47,5,5,5,15,High Value,991.470
513836654,4,3,991.20,5,5,5,15,High Value,594.720
575233349,1,4,991.50,5,5,5,15,High Value,793.200
561607003,7,7,991.01,5,5,5,15,High Value,1387.414
563635323,4,7,991.04,5,5,5,15,High Value,1387.456
517052633,2,3,990.93,5,5,5,15,High Value,594.558
563651693,2,5,1043.53,5,5,5,15,High Value,1043.530
556017478,5,8,990.65,5,5,5,15,High Value,1585.040
555669795,6,3,990.70,5,5,5,15,High Value,594.420
570518336,3,3,990.24,5,5,5,15,High Value,594.144
562207545,9,3,990.79,5,5,5,15,High Value,594.474
514710811,8,4,989.99,5,5,5,15,High Value,791.992
554944544,0,8,990.12,5,5,5,15,High Value,1584.192
529208050,1,17,989.65,5,5,5,15,High Value,3364.810
521881581,7,4,990.82,5,5,5,15,High Value,792.656
541821240,0,7,989.42,5,5,5,15,High Value,1385.188
538128464,2,3,989.44,5,5,5,15,High Value,593.664
549127746,0,6,989.30,5,5,5,15,High Value,1187.160
513207158,5,4,989.45,5,5,5,15,High Value,791.560
512592090,8,11,989.14,5,5,5,15,High Value,2176.108
563279390,9,6,989.18,5,5,5,15,High Value,1187.016
513823808,3,6,989.03,5,5,5,15,High Value,1186.836
543306687,9,6,990.83,5,5,5,15,High Value,1188.996
570637805,7,14,988.56,5,5,5,15,High Value,2767.968
550458028,2,3,988.68,5,5,5,15,High Value,593.208
567784267,1,4,988.22,5,5,5,15,High Value,790.576
516277136,6,4,988.74,5,5,5,15,High Value,790.992
541223841,9,3,988.02,5,5,5,15,High Value,592.812
549849450,0,5,988.04,5,5,5,15,High Value,988.040
574543062,9,4,987.89,5,5,5,15,High Value,790.312
512525491,0,16,988.76,5,5,5,15,High Value,3164.032
529556298,4,4,987.84,5,5,5,15,High Value,790.272
568467749,6,4,987.84,5,5,5,15,High Value,790.272
572156591,0,6,987.77,5,5,5,15,High Value,1185.324
517108622,7,4,987.84,5,5,5,15,High Value,790.272
555882570,5,5,987.55,5,5,5,15,High Value,987.550
562720841,8,3,987.69,5,5,5,15,High Value,592.614
553453117,1,8,987.26,5,5,5,15,High Value,1579.616
514891774,0,4,1113.80,5,5,5,15,High Value,891.040
517622679,1,9,1047.04,5,5,5,15,High Value,1884.672
571511491,5,4,1047.27,5,5,5,15,High Value,837.816
569754560,5,3,1046.43,5,5,5,15,High Value,627.858
512574522,3,5,1047.32,5,5,5,15,High Value,1047.320
528422255,4,4,1046.23,5,5,5,15,High Value,836.984
547828099,0,4,1046.28,5,5,5,15,High Value,837.024
514557154,7,8,1046.02,5,5,5,15,High Value,1673.632
577794546,0,6,1047.37,5,5,5,15,High Value,1256.844
515998968,4,6,1045.84,5,5,5,15,High Value,1255.008
518264529,3,5,1045.85,5,5,5,15,High Value,1045.850
515596347,2,3,1045.53,5,5,5,15,High Value,627.318
514744075,0,5,1045.88,5,5,5,15,High Value,1045.880
570567541,1,9,1045.36,5,5,5,15,High Value,1881.648
532093689,7,6,1045.38,5,5,5,15,High Value,1254.456
513181364,1,7,1045.21,5,5,5,15,High Value,1463.294
551729231,0,8,1047.76,5,5,5,15,High Value,1676.416
563648409,4,9,1044.95,5,5,5,15,High Value,1880.910
559019302,7,3,1044.97,5,5,5,15,High Value,626.982
561596621,6,7,1044.84,5,5,5,15,High Value,1462.776
560047479,1,3,1045.02,5,5,5,15,High Value,627.012
521839865,1,6,1044.54,5,5,5,15,High Value,1253.448
550348172,0,3,1044.54,5,5,5,15,High Value,626.724
515612019,3,4,1044.49,5,5,5,15,High Value,835.592
567747319,8,3,1045.03,5,5,5,15,High Value,627.018
543639547,4,6,1044.20,5,5,5,15,High Value,1253.040
560186977,1,4,1044.23,5,5,5,15,High Value,835.384
578090992,0,3,1044.01,5,5,5,15,High Value,626.406
575737774,5,4,1044.26,5,5,5,15,High Value,835.408
544640815,8,4,1043.79,5,5,5,15,High Value,835.032
525823123,8,5,1043.80,5,5,5,15,High Value,1043.800
562959353,4,3,1043.71,5,5,5,15,High Value,626.226
573270848,8,7,1122.60,5,5,5,15,High Value,1571.640
576289863,2,4,1043.18,5,5,5,15,High Value,834.544
514093844,2,6,1043.26,5,5,5,15,High Value,1251.912
559414849,8,5,1043.01,5,5,5,15,High Value,1043.010
575451692,6,3,1043.27,5,5,5,15,High Value,625.962
512731699,8,6,1042.72,5,5,5,15,High Value,1251.264
533284201,3,12,1042.75,5,5,5,15,High Value,2502.600
574004537,5,6,1042.57,5,5,5,15,High Value,1251.084
513315852,6,5,1043.42,5,5,5,15,High Value,1043.420
558408644,8,5,1042.48,5,5,5,15,High Value,1042.480
577013474,4,4,1042.50,5,5,5,15,High Value,834.000
512752458,6,4,1042.30,5,5,5,15,High Value,833.840
513378471,1,4,1042.52,5,5,5,15,High Value,834.016
514231954,8,3,1042.12,5,5,5,15,High Value,625.272
572053303,4,4,1042.13,5,5,5,15,High Value,833.704
574527378,3,5,1041.99,5,5,5,15,High Value,1041.990
568894817,3,3,988.83,5,5,5,15,High Value,593.298
515896667,5,6,986.50,5,5,5,15,High Value,1183.800
572872889,5,4,986.32,5,5,5,15,High Value,789.056
512524935,3,3,985.87,5,5,5,15,High Value,591.522
559059385,1,4,985.85,5,5,5,15,High Value,788.680
518856493,1,4,949.81,5,5,5,15,High Value,759.848
554222650,2,5,949.49,5,5,5,15,High Value,949.490
513015374,1,7,949.04,5,5,5,15,High Value,1328.656
545129271,7,6,949.26,5,5,5,15,High Value,1139.112
514613980,1,4,947.46,5,5,5,15,High Value,757.968
527799210,2,4,946.85,5,5,5,15,High Value,757.480
521484078,2,5,946.38,5,5,5,15,High Value,946.380
513906503,1,5,946.37,5,5,5,15,High Value,946.370
537656967,1,3,945.90,5,5,5,15,High Value,567.540
531444470,8,5,945.61,5,5,5,15,High Value,945.610
556471590,1,4,913.78,5,5,5,15,High Value,731.024
572929084,3,3,1043.60,5,5,5,15,High Value,626.160
538759985,6,6,1490.96,5,5,5,15,High Value,1789.152
515736549,7,3,1490.54,5,5,5,15,High Value,894.324
573267126,2,4,1489.13,5,5,5,15,High Value,1191.304
543149136,2,11,1488.50,5,5,5,15,High Value,3274.700
572910470,4,3,1485.87,5,5,5,15,High Value,891.522
525187957,3,4,1484.16,5,5,5,15,High Value,1187.328
546071858,1,5,1481.88,5,5,5,15,High Value,1481.880
518672016,3,11,1481.86,5,5,5,15,High Value,3260.092
515579896,8,3,1479.06,5,5,5,15,High Value,887.436
549209110,4,4,1477.91,5,5,5,15,High Value,1182.328
552049152,8,17,1362.79,5,5,5,15,High Value,4633.486
576447631,5,3,1362.18,5,5,5,15,High Value,817.308
533549017,0,5,1360.65,5,5,5,15,High Value,1360.650
519084188,4,4,1359.78,5,5,5,15,High Value,1087.824
530775917,4,4,1358.29,5,5,5,15,High Value,1086.632
563721698,5,8,1359.27,5,5,5,15,High Value,2174.832
523992419,5,10,1354.64,5,5,5,15,High Value,2709.280
579434797,0,6,1353.33,5,5,5,15,High Value,1623.996
512556360,5,4,1352.26,5,5,5,15,High Value,1081.808
532643985,1,13,1351.75,5,5,5,15,High Value,3514.550
574770706,8,4,1279.86,5,5,5,15,High Value,1023.888
575460766,3,3,1278.50,5,5,5,15,High Value,767.100
514051855,1,13,1276.46,5,5,5,15,High Value,3318.796
522795340,1,5,1276.44,5,5,5,15,High Value,1276.440
513313522,6,3,1272.07,5,5,5,15,High Value,763.242
549402565,0,4,1271.24,5,5,5,15,High Value,1016.992
544656869,9,4,1269.23,5,5,5,15,High Value,1015.384
571521232,1,4,1268.18,5,5,5,15,High Value,1014.544
554606568,4,5,1266.28,5,5,5,15,High Value,1266.280
517480525,6,4,1265.60,5,5,5,15,High Value,1012.480
540937732,8,5,1123.30,5,5,5,15,High Value,1123.300
558861033,4,11,1274.04,5,5,5,15,High Value,2802.888
514615733,1,7,1122.13,5,5,5,15,High Value,1570.982
572481424,4,5,1121.90,5,5,5,15,High Value,1121.900
515035594,9,4,1121.14,5,5,5,15,High Value,896.912
560484127,3,6,1121.13,5,5,5,15,High Value,1345.356
569682215,9,4,1119.97,5,5,5,15,High Value,895.976
561851046,0,8,1119.81,5,5,5,15,High Value,1791.696
512488451,5,7,1119.01,5,5,5,15,High Value,1566.614
577630883,1,3,1119.46,5,5,5,15,High Value,671.676
567441491,6,11,1118.29,5,5,5,15,High Value,2460.238
575570722,1,3,1117.86,5,5,5,15,High Value,670.716
544813404,6,7,1117.10,5,5,5,15,High Value,1563.940
552497018,1,4,1116.88,5,5,5,15,High Value,893.504
540800532,1,6,1116.06,5,5,5,15,High Value,1339.272
532471026,5,5,1115.46,5,5,5,15,High Value,1115.460
512840908,0,11,1114.46,5,5,5,15,High Value,2451.812
574731583,0,6,1116.63,5,5,5,15,High Value,1339.956
522414250,0,6,1112.82,5,5,5,15,High Value,1335.384
522193374,6,4,1112.40,5,5,5,15,High Value,889.920
573824169,8,6,1050.00,5,5,5,15,High Value,1260.000
565959832,9,6,1050.00,5,5,5,15,High Value,1260.000
574924592,5,10,1049.26,5,5,5,15,High Value,2098.520
533941814,4,8,1048.92,5,5,5,15,High Value,1678.272
569106845,4,8,1048.24,5,5,5,15,High Value,1677.184
523618469,1,12,1048.74,5,5,5,15,High Value,2516.976
574361450,3,5,1046.40,5,5,5,15,High Value,1046.400
518965852,2,4,1046.07,5,5,5,15,High Value,836.856
534454623,7,15,1045.45,5,5,5,15,High Value,3136.350
559755528,4,6,1045.42,5,5,5,15,High Value,1254.504
568585987,1,7,1044.70,5,5,5,15,High Value,1462.580
561473078,3,4,1044.50,5,5,5,15,High Value,835.600
513606429,8,3,1043.81,5,5,5,15,High Value,626.286
551528141,1,42,1047.76,5,5,5,15,High Value,8801.184
573338022,3,5,1042.98,5,5,5,15,High Value,1042.980
513713938,2,5,1042.69,5,5,5,15,High Value,1042.690
571869513,0,3,1042.15,5,5,5,15,High Value,625.290
518349694,1,4,1042.13,5,5,5,15,High Value,833.704
515417207,8,5,991.84,5,5,5,15,High Value,991.840
549337165,6,5,991.66,5,5,5,15,High Value,991.660
570401056,4,4,991.18,5,5,5,15,High Value,792.944
518311003,7,4,991.55,5,5,5,15,High Value,793.240
514445625,4,4,990.16,5,5,5,15,High Value,792.128
514541915,9,3,989.72,5,5,5,15,High Value,593.832
577410353,3,3,989.21,5,5,5,15,High Value,593.526
542833272,6,6,989.19,5,5,5,15,High Value,1187.028
520014179,0,3,988.20,5,5,5,15,High Value,592.920
543003586,7,6,987.92,5,5,5,15,High Value,1185.504
534234337,4,3,987.73,5,5,5,15,High Value,592.638
544210850,2,16,1265.28,5,5,5,15,High Value,4048.896
512926123,4,4,1120.77,5,5,5,15,High Value,896.616
533697659,0,3,1118.85,5,5,5,15,High Value,671.310
550006298,8,8,1116.64,5,5,5,15,High Value,1786.624
532818827,3,4,1114.44,5,5,5,15,High Value,891.552
568639630,2,5,1049.61,5,5,5,15,High Value,1049.610
516203027,9,8,1047.97,5,5,5,15,High Value,1676.752
556050101,3,6,1045.15,5,5,5,15,High Value,1254.180
513071049,1,3,1044.36,5,5,5,15,High Value,626.616
565322833,6,5,1041.84,5,5,5,15,High Value,1041.840
572659781,0,3,990.97,5,5,5,15,High Value,594.582
514941464,5,6,988.88,5,5,5,15,High Value,1186.656
533086646,6,3,987.70,5,5,5,15,High Value,592.620
515764868,3,6,950.42,5,5,5,15,High Value,1140.504
572868447,0,4,948.56,5,5,5,15,High Value,758.848
513043332,5,4,946.10,5,5,5,15,High Value,756.880
560399566,8,8,948.40,5,5,5,15,High Value,1517.440
549788992,0,5,1488.02,5,5,5,15,High Value,1488.020
563010778,0,7,1480.97,5,5,5,15,High Value,2073.358
561066382,1,7,1361.73,5,5,5,15,High Value,1906.422
542892994,8,6,1357.40,5,5,5,15,High Value,1628.880
542542121,8,9,1281.34,5,5,5,15,High Value,2306.412
513765540,6,6,1274.21,5,5,5,15,High Value,1529.052
516407166,9,5,1267.78,5,5,5,15,High Value,1267.780
560753866,1,5,1123.30,5,5,5,15,High Value,1123.300
518858704,1,3,1118.71,5,5,5,15,High Value,671.226
579479342,0,9,1114.09,5,5,5,15,High Value,2005.362
515129999,4,3,1047.76,5,5,5,15,High Value,628.656
522280206,5,5,1043.81,5,5,5,15,High Value,1043.810
558702600,2,6,990.85,5,5,5,15,High Value,1189.020
538477831,1,4,987.33,5,5,5,15,High Value,789.864
575096384,7,4,948.55,5,5,5,15,High Value,758.840
574998688,5,3,946.05,5,5,5,15,High Value,567.630
569563069,8,6,1480.85,5,5,5,15,High Value,1777.020
568771349,6,5,1356.52,5,5,5,15,High Value,1356.520
548954009,1,7,1274.13,5,5,5,15,High Value,1783.782
524386520,3,8,1123.09,5,5,5,15,High Value,1796.944
513267342,6,3,1114.00,5,5,5,15,High Value,668.400
537661552,2,4,1043.71,5,5,5,15,High Value,834.968
513412471,1,6,987.24,5,5,5,15,High Value,1184.688
519078882,0,18,914.17,5,5,5,15,High Value,3291.012
512884449,3,7,1356.43,5,5,5,15,High Value,1899.002
530645036,4,8,1122.85,5,5,5,15,High Value,1796.560
574168744,3,6,1043.64,5,5,5,15,High Value,1252.368
538844944,3,4,913.77,5,5,5,15,High Value,731.016
512898147,3,3,1122.70,5,5,5,15,High Value,673.620
515461549,1,6,913.55,5,5,5,15,High Value,1096.260
568018872,5,6,913.29,5,5,5,15,High Value,1095.948
515871876,7,12,1267.77,5,5,5,15,High Value,3042.648
574210114,7,6,1121.58,5,5,5,15,High Value,1345.896
512455175,3,3,1120.98,5,5,5,15,High Value,672.588
516105914,2,10,1119.50,5,5,5,15,High Value,2239.000
514010294,0,3,1118.96,5,5,5,15,High Value,671.376
547421981,8,5,1117.79,5,5,5,15,High Value,1117.790
541962491,5,8,1116.74,5,5,5,15,High Value,1786.784
515595970,8,3,1115.37,5,5,5,15,High Value,669.222
512956403,3,5,1114.90,5,5,5,15,High Value,1114.900
513882245,5,6,1112.34,5,5,5,15,High Value,1334.808
525187581,1,6,1049.76,5,5,5,15,High Value,1259.712
577995648,0,6,1048.87,5,5,5,15,High Value,1258.644
570144139,0,3,1048.14,5,5,5,15,High Value,628.884
560316294,2,3,1045.98,5,5,5,15,High Value,627.588
520832074,2,5,1045.27,5,5,5,15,High Value,1045.270
553910689,9,5,1044.45,5,5,5,15,High Value,1044.450
513130872,0,7,1045.13,5,5,5,15,High Value,1463.182
516247863,4,4,1042.55,5,5,5,15,High Value,834.040
570030571,6,6,1042.03,5,5,5,15,High Value,1250.436
564626337,4,7,991.60,5,5,5,15,High Value,1388.240
572447606,7,5,991.13,5,5,5,15,High Value,991.130
547972820,1,5,989.65,5,5,5,15,High Value,989.650
513778441,5,3,989.10,5,5,5,15,High Value,593.460
575736929,6,4,987.84,5,5,5,15,High Value,790.272
574495148,7,4,987.84,5,5,5,15,High Value,790.272
517276221,3,4,986.24,5,5,5,15,High Value,788.992
545913198,2,4,950.90,5,5,5,15,High Value,760.720
573500714,9,3,949.37,5,5,5,15,High Value,569.622
567180630,0,3,948.95,5,5,5,15,High Value,569.370
517561388,1,5,946.74,5,5,5,15,High Value,946.740
562804669,8,4,946.16,5,5,5,15,High Value,756.928
578787624,1,5,914.35,5,5,5,15,High Value,914.350
517513919,2,6,987.15,5,5,5,15,High Value,1184.580
532824261,1,9,1490.27,5,5,5,15,High Value,2682.486
566221010,0,11,1488.22,5,5,5,15,High Value,3274.084
520719667,6,9,1484.03,5,5,5,15,High Value,2671.254
516705874,8,6,1481.27,5,5,5,15,High Value,1777.524
543724520,0,9,1477.77,5,5,5,15,High Value,2659.986
540000631,0,3,1361.93,5,5,5,15,High Value,817.158
561890285,2,3,1359.48,5,5,5,15,High Value,815.688
542057749,2,6,1358.26,5,5,5,15,High Value,1629.912
559686561,6,3,1352.91,5,5,5,15,High Value,811.746
524432679,2,4,1351.47,5,5,5,15,High Value,1081.176
536761020,8,5,1278.35,5,5,5,15,High Value,1278.350
517597255,2,4,1274.89,5,5,5,15,High Value,1019.912
515931033,9,5,1271.23,5,5,5,15,High Value,1271.230
513648054,6,3,1268.00,5,5,5,15,High Value,760.800
571491717,3,4,1265.38,5,5,5,15,High Value,1012.304
561834578,7,9,1049.56,5,5,5,15,High Value,1889.208
521183820,7,8,1046.53,5,5,5,15,High Value,1674.448
512425218,0,7,1046.52,5,5,5,15,High Value,1465.128
546788510,4,8,1046.08,5,5,5,15,High Value,1673.728
549349415,6,5,1046.29,5,5,5,15,High Value,1046.290
560268025,5,4,1045.83,5,5,5,15,High Value,836.664
519213331,0,6,1045.72,5,5,5,15,High Value,1254.864
514037703,0,8,1045.27,5,5,5,15,High Value,1672.432
578126150,2,3,1045.98,5,5,5,15,High Value,627.588
535888730,0,7,1044.91,5,5,5,15,High Value,1462.874
547720527,5,4,1044.85,5,5,5,15,High Value,835.880
565763902,3,6,1044.51,5,5,5,15,High Value,1253.412
553997909,8,5,1044.58,5,5,5,15,High Value,1044.580
518316932,1,6,1044.17,5,5,5,15,High Value,1253.004
533801188,1,7,1044.09,5,5,5,15,High Value,1461.726
524863718,1,5,1043.73,5,5,5,15,High Value,1043.730
514685926,1,5,1113.96,5,5,5,15,High Value,1113.960
514343292,1,4,1043.13,5,5,5,15,High Value,834.504
512578345,1,6,1043.08,5,5,5,15,High Value,1251.696
548558822,2,5,1042.71,5,5,5,15,High Value,1042.710
539232499,3,3,1042.89,5,5,5,15,High Value,625.734
567337343,9,6,1042.44,5,5,5,15,High Value,1250.928
566315621,1,5,1042.37,5,5,5,15,High Value,1042.370
516398604,8,4,1042.05,5,5,5,15,High Value,833.640
558788197,2,4,1042.54,5,5,5,15,High Value,834.032
513071101,1,9,992.01,5,5,5,15,High Value,1785.618
549039562,4,6,992.01,5,5,5,15,High Value,1190.412
540570458,5,5,991.69,5,5,5,15,High Value,991.690
546982865,0,11,991.84,5,5,5,15,High Value,2182.048
552008628,1,4,991.36,5,5,5,15,High Value,793.088
573741393,2,6,991.28,5,5,5,15,High Value,1189.536
568349053,1,10,990.98,5,5,5,15,High Value,1981.960
565085516,4,7,1041.77,5,5,5,15,High Value,1458.478
567716988,0,6,990.38,5,5,5,15,High Value,1188.456
558951667,1,3,990.27,5,5,5,15,High Value,594.162
512412518,5,3,989.95,5,5,5,15,High Value,593.970
542071283,5,7,990.13,5,5,5,15,High Value,1386.182
575120252,1,3,989.37,5,5,5,15,High Value,593.622
566763297,4,6,989.35,5,5,5,15,High Value,1187.220
519079007,6,6,989.11,5,5,5,15,High Value,1186.932
577919820,2,4,989.58,5,5,5,15,High Value,791.664
563038979,3,5,988.50,5,5,5,15,High Value,988.500
563173303,0,9,988.34,5,5,5,15,High Value,1779.012
516000843,0,3,987.94,5,5,5,15,High Value,592.764
527999307,3,3,988.07,5,5,5,15,High Value,592.842
524346122,4,4,987.84,5,5,5,15,High Value,790.272
577628184,0,7,987.82,5,5,5,15,High Value,1382.948
549101495,1,6,987.38,5,5,5,15,High Value,1184.856
550634596,3,4,1356.41,5,5,5,15,High Value,1085.128
517860481,1,5,1122.26,5,5,5,15,High Value,1122.260
552353316,4,3,1122.25,5,5,5,15,High Value,673.350
517193304,7,8,1121.91,5,5,5,15,High Value,1795.056
543588837,7,7,1122.09,5,5,5,15,High Value,1570.926
568552299,2,4,1121.20,5,5,5,15,High Value,896.960
576553616,2,5,1121.20,5,5,5,15,High Value,1121.200
543954099,2,4,1121.07,5,5,5,15,High Value,896.856
570450939,4,4,1121.49,5,5,5,15,High Value,897.192
514643241,0,4,1120.20,5,5,5,15,High Value,896.160
534908338,4,4,1120.12,5,5,5,15,High Value,896.096
573098159,4,6,1119.81,5,5,5,15,High Value,1343.772
559737754,3,5,1119.93,5,5,5,15,High Value,1119.930
529552972,9,5,1119.28,5,5,5,15,High Value,1119.280
565971586,7,6,1119.28,5,5,5,15,High Value,1343.136
523111458,3,4,1118.87,5,5,5,15,High Value,895.096
538477353,3,5,1120.75,5,5,5,15,High Value,1120.750
549726750,3,4,1118.45,5,5,5,15,High Value,894.760
551492998,0,7,1118.44,5,5,5,15,High Value,1565.816
554598326,4,9,1117.90,5,5,5,15,High Value,2012.220
512724654,3,5,1118.05,5,5,5,15,High Value,1118.050
578336346,0,6,1117.26,5,5,5,15,High Value,1340.712
512593448,2,5,1117.14,5,5,5,15,High Value,1117.140
538764926,7,4,1116.78,5,5,5,15,High Value,893.424
518498548,5,4,1117.77,5,5,5,15,High Value,894.216
537893489,6,4,1116.29,5,5,5,15,High Value,893.032
518909341,3,6,1116.16,5,5,5,15,High Value,1339.392
559100067,3,6,1115.56,5,5,5,15,High Value,1338.672
517015890,1,4,1115.94,5,5,5,15,High Value,892.752
566101589,0,5,1114.79,5,5,5,15,High Value,1114.790
573364469,9,3,1114.50,5,5,5,15,High Value,668.700
545260231,0,8,1114.12,5,5,5,15,High Value,1782.592
532591847,6,5,1118.68,5,5,5,15,High Value,1118.680
546859561,1,5,1112.93,5,5,5,15,High Value,1112.930
518790261,5,8,1112.89,5,5,5,15,High Value,1780.624
576435327,1,3,1112.43,5,5,5,15,High Value,667.458
547019966,6,5,1112.61,5,5,5,15,High Value,1112.610
573629285,10,3,1050.20,5,5,5,15,High Value,630.120
515085273,0,7,1050.08,5,5,5,15,High Value,1470.112
513185930,1,14,1049.79,5,5,5,15,High Value,2939.412
542532924,8,5,1050.59,5,5,5,15,High Value,1050.590
546277314,2,6,1049.39,5,5,5,15,High Value,1259.268
517573813,1,5,1049.38,5,5,5,15,High Value,1049.380
526504442,3,3,1048.93,5,5,5,15,High Value,629.358
519830621,7,4,1049.19,5,5,5,15,High Value,839.352
572075679,7,8,1048.55,5,5,5,15,High Value,1677.680
550543182,6,4,1048.45,5,5,5,15,High Value,838.760
548601554,0,6,1048.05,5,5,5,15,High Value,1257.660
539997871,9,6,1483.62,5,5,5,15,High Value,1780.344
564357772,0,3,1479.23,5,5,5,15,High Value,887.538
514689494,2,9,1479.08,5,5,5,15,High Value,2662.344
545287006,4,8,1478.38,5,5,5,15,High Value,2365.408
550507545,1,7,1478.30,5,5,5,15,High Value,2069.620
539989260,2,13,1477.14,5,5,5,15,High Value,3840.564
547699338,3,13,1362.84,5,5,5,15,High Value,3543.384
545111770,0,5,1362.22,5,5,5,15,High Value,1362.220
574351893,0,7,1362.68,5,5,5,15,High Value,1907.752
565692224,0,4,1361.26,5,5,5,15,High Value,1089.008
515553580,1,6,1360.83,5,5,5,15,High Value,1632.996
558154085,9,7,1360.17,5,5,5,15,High Value,1904.238
512454531,3,6,1360.05,5,5,5,15,High Value,1632.060
558006858,7,6,1358.57,5,5,5,15,High Value,1630.284
513219780,2,8,1358.34,5,5,5,15,High Value,2173.344
548676718,1,7,1357.57,5,5,5,15,High Value,1900.598
566196107,5,3,1361.66,5,5,5,15,High Value,816.996
566837131,5,10,1354.91,5,5,5,15,High Value,2709.820
519376476,1,6,1354.73,5,5,5,15,High Value,1625.676
529720718,1,3,1353.70,5,5,5,15,High Value,812.220
573672513,8,4,1353.67,5,5,5,15,High Value,1082.936
552957418,8,7,1352.48,5,5,5,15,High Value,1893.472
566465378,0,6,1352.30,5,5,5,15,High Value,1622.760
514482053,2,4,1351.79,5,5,5,15,High Value,1081.432
515417142,2,8,1352.22,5,5,5,15,High Value,2163.552
574546603,2,4,1280.53,5,5,5,15,High Value,1024.424
562522536,4,3,1280.07,5,5,5,15,High Value,768.042
540846769,5,15,1279.22,5,5,5,15,High Value,3837.660
562215554,5,4,1278.84,5,5,5,15,High Value,1023.072
512807895,0,5,1277.16,5,5,5,15,High Value,1277.160
556948710,8,4,1276.56,5,5,5,15,High Value,1021.248
531877435,3,11,1275.41,5,5,5,15,High Value,2805.902
522892874,1,4,1278.28,5,5,5,15,High Value,1022.624
555891074,1,12,1272.87,5,5,5,15,High Value,3054.888
564720769,8,6,1272.37,5,5,5,15,High Value,1526.844
514024045,9,3,1271.52,5,5,5,15,High Value,762.912
569176193,0,5,1271.45,5,5,5,15,High Value,1271.450
513175391,0,6,1269.98,5,5,5,15,High Value,1523.976
566783393,3,3,1269.36,5,5,5,15,High Value,761.616
574003943,2,8,1268.32,5,5,5,15,High Value,2029.312
579011293,1,3,1269.10,5,5,5,15,High Value,761.460
541064993,5,6,1266.96,5,5,5,15,High Value,1520.352
519691222,4,4,1266.62,5,5,5,15,High Value,1013.296
578147348,2,4,1265.74,5,5,5,15,High Value,1012.592
519201769,5,6,1265.67,5,5,5,15,High Value,1518.804
536754193,7,3,1264.38,5,5,5,15,High Value,758.628
544714215,2,6,1123.41,5,5,5,15,High Value,1348.092
550089164,3,3,1123.09,5,5,5,15,High Value,673.854
518697870,2,5,990.84,5,5,5,15,High Value,990.840
577427836,1,5,986.64,5,5,5,15,High Value,986.640
568638311,6,3,986.62,5,5,5,15,High Value,591.972
564603036,8,3,986.37,5,5,5,15,High Value,591.822
576151387,2,4,986.47,5,5,5,15,High Value,789.176
552442522,4,4,985.98,5,5,5,15,High Value,788.784
513130100,8,5,985.97,5,5,5,15,High Value,985.970
559849551,3,9,950.92,5,5,5,15,High Value,1711.656
513259395,3,4,986.23,5,5,5,15,High Value,788.984
563298639,1,3,949.86,5,5,5,15,High Value,569.916
575353000,7,3,949.83,5,5,5,15,High Value,569.898
512452968,3,9,949.50,5,5,5,15,High Value,1709.100
563341796,0,7,949.72,5,5,5,15,High Value,1329.608
563730524,9,11,949.12,5,5,5,15,High Value,2088.064
521836550,2,3,949.07,5,5,5,15,High Value,569.442
536247423,5,3,948.62,5,5,5,15,High Value,569.172
564714161,1,5,950.17,5,5,5,15,High Value,950.170
512550464,4,5,947.70,5,5,5,15,High Value,947.700
540567181,4,9,947.57,5,5,5,15,High Value,1705.626
524523610,5,8,947.18,5,5,5,15,High Value,1515.488
572061316,1,6,947.38,5,5,5,15,High Value,1136.856
559052476,5,5,946.46,5,5,5,15,High Value,946.460
574888407,5,10,946.44,5,5,5,15,High Value,1892.880
539666103,1,6,946.21,5,5,5,15,High Value,1135.452
572207541,0,3,946.72,5,5,5,15,High Value,568.032
555487664,7,6,945.97,5,5,5,15,High Value,1135.164
551320536,0,7,945.94,5,5,5,15,High Value,1324.316
547862816,2,4,945.81,5,5,5,15,High Value,756.648
512919923,7,4,945.89,5,5,5,15,High Value,756.712
553768400,0,8,913.97,5,5,5,15,High Value,1462.352
574152896,3,4,913.91,5,5,5,15,High Value,731.128
534655377,6,4,913.55,5,5,5,15,High Value,730.840
574338068,0,4,1122.65,5,5,5,15,High Value,898.120
512518180,1,12,1491.19,5,5,5,15,High Value,3578.856
524699410,7,18,1491.14,5,5,5,15,High Value,5368.104
513906302,5,6,1490.78,5,5,5,15,High Value,1788.936
540793674,7,7,1490.95,5,5,5,15,High Value,2087.330
513723902,9,3,1489.79,5,5,5,15,High Value,893.874
556227178,9,9,1489.40,5,5,5,15,High Value,2680.920
561090353,1,10,1488.59,5,5,5,15,High Value,2977.180
521320183,9,4,1489.10,5,5,5,15,High Value,1191.280
512996080,1,5,1486.49,5,5,5,15,High Value,1486.490
541968160,7,8,1486.05,5,5,5,15,High Value,2377.680
546494181,6,7,1484.77,5,5,5,15,High Value,2078.678
515590224,1,6,1484.68,5,5,5,15,High Value,1781.616
546488992,1,8,1482.62,5,5,5,15,High Value,2372.192
516591140,1,5,1482.10,5,5,5,15,High Value,1482.100
519306920,4,3,1481.33,5,5,5,15,High Value,888.798
512427484,5,7,1477.51,5,5,5,15,High Value,2068.514
567724546,1,3,1477.18,5,5,5,15,High Value,886.308
546542236,4,8,1477.56,5,5,5,15,High Value,2364.096
517059433,5,4,1363.12,5,5,5,15,High Value,1090.496
542975058,3,7,1476.85,5,5,5,15,High Value,2067.590
569179557,9,3,1362.79,5,5,5,15,High Value,817.674
534612600,7,6,1477.67,5,5,5,15,High Value,1773.204
559362234,1,6,1362.62,5,5,5,15,High Value,1635.144
540485738,3,3,1362.62,5,5,5,15,High Value,817.572
514700668,1,5,1362.27,5,5,5,15,High Value,1362.270
558125281,6,12,1362.65,5,5,5,15,High Value,3270.360
514492655,2,3,1361.99,5,5,5,15,High Value,817.194
571797555,9,4,1362.10,5,5,5,15,High Value,1089.680
562371885,7,3,1361.81,5,5,5,15,High Value,817.086
549611165,2,10,1480.39,5,5,5,15,High Value,2960.780
515252890,2,7,1361.33,5,5,5,15,High Value,1905.862
516541723,9,9,1361.35,5,5,5,15,High Value,2450.430
555157369,1,6,1361.26,5,5,5,15,High Value,1633.512
556976912,2,7,1361.62,5,5,5,15,High Value,1906.268
541452012,1,12,1360.88,5,5,5,15,High Value,3266.112
570294932,5,4,1360.93,5,5,5,15,High Value,1088.744
541216344,5,6,1360.74,5,5,5,15,High Value,1632.888
562690707,4,3,1361.62,5,5,5,15,High Value,816.972
519178544,0,5,1360.32,5,5,5,15,High Value,1360.320
547649744,0,8,1360.39,5,5,5,15,High Value,2176.624
557277352,9,4,1360.22,5,5,5,15,High Value,1088.176
514607678,0,5,1360.40,5,5,5,15,High Value,1360.400
571916720,4,10,1359.89,5,5,5,15,High Value,2719.780
545590912,1,6,1359.96,5,5,5,15,High Value,1631.952
529208013,1,7,1359.63,5,5,5,15,High Value,1903.482
520565315,8,4,1361.66,5,5,5,15,High Value,1089.328
516869911,3,3,1358.80,5,5,5,15,High Value,815.280
526529354,6,5,1358.95,5,5,5,15,High Value,1358.950
525863657,1,3,1358.57,5,5,5,15,High Value,815.142
571334639,1,11,1359.16,5,5,5,15,High Value,2990.152
519046950,9,4,1358.54,5,5,5,15,High Value,1086.832
535600750,1,3,1358.55,5,5,5,15,High Value,815.130
531965699,0,6,1358.30,5,5,5,15,High Value,1629.960
531890635,1,3,1359.24,5,5,5,15,High Value,815.544
537861272,4,5,1358.06,5,5,5,15,High Value,1358.060
544119666,9,7,1358.08,5,5,5,15,High Value,1901.312
559768444,2,3,1357.67,5,5,5,15,High Value,814.602
533171739,8,3,1358.22,5,5,5,15,High Value,814.932
561565635,1,8,1356.77,5,5,5,15,High Value,2170.832
572133904,1,6,1357.17,5,5,5,15,High Value,1628.604
516132865,0,5,1356.46,5,5,5,15,High Value,1356.460
515394070,4,4,1491.92,5,5,5,15,High Value,1193.536
529535703,5,7,1355.73,5,5,5,15,High Value,1898.022
512955726,2,4,1355.78,5,5,5,15,High Value,1084.624
548277056,8,6,1355.20,5,5,5,15,High Value,1626.240
518674768,6,4,1355.88,5,5,5,15,High Value,1084.704
547317666,8,7,1354.79,5,5,5,15,High Value,1896.706
554670057,7,4,1354.83,5,5,5,15,High Value,1083.864
559220467,3,7,1354.69,5,5,5,15,High Value,1896.566
520186899,1,4,1355.92,5,5,5,15,High Value,1084.736
557407467,7,4,1353.86,5,5,5,15,High Value,1083.088
557335005,1,5,1354.26,5,5,5,15,High Value,1354.260
567539647,1,8,1353.79,5,5,5,15,High Value,2166.064
561678162,4,5,1490.13,5,5,5,15,High Value,1490.130
576390554,2,7,1489.04,5,5,5,15,High Value,2084.656
512644461,3,3,1489.07,5,5,5,15,High Value,893.442
572143637,9,10,1488.64,5,5,5,15,High Value,2977.280
568800156,2,11,1489.08,5,5,5,15,High Value,3275.976
520379308,0,3,1488.31,5,5,5,15,High Value,892.986
552018829,0,7,1488.49,5,5,5,15,High Value,2083.886
574733506,3,3,1488.07,5,5,5,15,High Value,892.842
569725078,6,4,1491.84,5,5,5,15,High Value,1193.472
550113144,1,4,1487.05,5,5,5,15,High Value,1189.640
574539869,0,9,1487.23,5,5,5,15,High Value,2677.014
513312337,2,5,1486.74,5,5,5,15,High Value,1486.740
521376238,1,5,1487.40,5,5,5,15,High Value,1487.400
561310312,6,4,1486.15,5,5,5,15,High Value,1188.920
546969501,3,7,1486.40,5,5,5,15,High Value,2080.960
540618323,7,5,1485.89,5,5,5,15,High Value,1485.890
541423901,3,3,1487.53,5,5,5,15,High Value,892.518
562164310,4,7,1485.63,5,5,5,15,High Value,2079.882
518486813,5,6,1485.66,5,5,5,15,High Value,1782.792
544129220,2,4,1484.80,5,5,5,15,High Value,1187.840
572410144,8,3,1485.70,5,5,5,15,High Value,891.420
575495028,4,8,1484.61,5,5,5,15,High Value,2375.376
553013405,6,6,1484.68,5,5,5,15,High Value,1781.616
517097229,5,5,1484.15,5,5,5,15,High Value,1484.150
577134831,0,12,1487.85,5,5,5,15,High Value,3570.840
534537991,3,4,1483.24,5,5,5,15,High Value,1186.592
578822516,0,11,1483.24,5,5,5,15,High Value,3263.128
522604270,9,3,1482.71,5,5,5,15,High Value,889.626
561232946,6,8,1483.51,5,5,5,15,High Value,2373.616
567158058,3,8,1482.37,5,5,5,15,High Value,2371.792
552853175,7,3,1482.53,5,5,5,15,High Value,889.518
521079379,1,3,1482.05,5,5,5,15,High Value,889.230
566033661,3,4,1483.56,5,5,5,15,High Value,1186.848
566760703,5,4,1481.73,5,5,5,15,High Value,1185.384
561541327,4,6,1481.74,5,5,5,15,High Value,1778.088
549140433,9,7,1481.35,5,5,5,15,High Value,2073.890
532578861,1,7,1481.80,5,5,5,15,High Value,2074.520
533200012,9,3,1481.15,5,5,5,15,High Value,888.690
512665535,3,6,1481.24,5,5,5,15,High Value,1777.488
570502474,3,6,1480.95,5,5,5,15,High Value,1777.140
527036928,5,4,1491.88,5,5,5,15,High Value,1193.504
554040475,4,5,1479.66,5,5,5,15,High Value,1479.660
562106518,0,17,1479.72,5,5,5,15,High Value,5031.048
541642283,7,16,1479.32,5,5,5,15,High Value,4733.824
558283851,0,6,1479.88,5,5,5,15,High Value,1775.856
567326441,8,6,1479.18,5,5,5,15,High Value,1775.016
561106451,3,9,1479.19,5,5,5,15,High Value,2662.542
559770596,6,3,1479.07,5,5,5,15,High Value,887.442
572137878,1,7,1480.10,5,5,5,15,High Value,2072.140
571728227,3,6,1478.73,5,5,5,15,High Value,1774.476
513557510,1,4,1478.76,5,5,5,15,High Value,1183.008
516195010,0,7,1478.50,5,5,5,15,High Value,2069.900
547535184,0,4,1478.76,5,5,5,15,High Value,1183.008
542342413,7,6,1478.14,5,5,5,15,High Value,1773.768
561835915,4,9,1478.22,5,5,5,15,High Value,2660.796
560217897,7,12,1477.87,5,5,5,15,High Value,3546.888
564672277,8,4,1480.28,5,5,5,15,High Value,1184.224
572977471,0,3,1477.46,5,5,5,15,High Value,886.476
565769653,5,6,1272.80,5,5,5,15,High Value,1527.360
575590168,0,6,1272.11,5,5,5,15,High Value,1526.532
548178423,1,3,1273.65,5,5,5,15,High Value,764.190
572257675,0,6,1271.77,5,5,5,15,High Value,1526.124
538464934,7,11,1271.78,5,5,5,15,High Value,2797.916
519037426,6,5,1271.57,5,5,5,15,High Value,1271.570
557720001,2,4,1271.81,5,5,5,15,High Value,1017.448
512635497,2,9,1271.41,5,5,5,15,High Value,2288.538
531763610,1,4,1271.44,5,5,5,15,High Value,1017.152
554202885,5,6,1271.24,5,5,5,15,High Value,1525.488
516908059,0,4,1273.82,5,5,5,15,High Value,1019.056
514450876,3,11,1270.50,5,5,5,15,High Value,2795.100
518340557,3,15,1270.70,5,5,5,15,High Value,3812.100
571920542,5,6,1270.06,5,5,5,15,High Value,1524.072
512977491,8,6,1270.80,5,5,5,15,High Value,1524.960
512510752,5,3,1269.81,5,5,5,15,High Value,761.886
531557171,0,9,1269.91,5,5,5,15,High Value,2285.838
518741647,0,6,1269.29,5,5,5,15,High Value,1523.148
512407417,6,3,1270.81,5,5,5,15,High Value,762.486
516607766,3,7,1268.86,5,5,5,15,High Value,1776.404
515932912,0,6,1268.90,5,5,5,15,High Value,1522.680
565029545,8,5,1268.40,5,5,5,15,High Value,1268.400
572848125,1,5,1269.04,5,5,5,15,High Value,1269.040
518111206,6,9,1268.13,5,5,5,15,High Value,2282.634
543374662,4,5,1268.17,5,5,5,15,High Value,1268.170
556584476,4,4,1267.88,5,5,5,15,High Value,1014.304
570857359,2,5,1273.90,5,5,5,15,High Value,1273.900
527092644,4,3,1267.45,5,5,5,15,High Value,760.470
543482795,3,11,1267.50,5,5,5,15,High Value,2788.500
513278722,0,12,1267.29,5,5,5,15,High Value,3041.496
514657752,8,5,1267.56,5,5,5,15,High Value,1267.560
543590154,6,12,1266.90,5,5,5,15,High Value,3040.560
537578268,7,3,1266.92,5,5,5,15,High Value,760.152
517040514,3,5,1266.33,5,5,5,15,High Value,1266.330
522178482,8,13,1267.61,5,5,5,15,High Value,3295.786
571825693,0,7,1266.06,5,5,5,15,High Value,1772.484
523234753,5,10,1266.08,5,5,5,15,High Value,2532.160
547402834,9,4,1265.88,5,5,5,15,High Value,1012.704
572558727,2,7,1266.13,5,5,5,15,High Value,1772.582
563719408,2,7,1265.61,5,5,5,15,High Value,1771.854
574114220,8,12,1265.62,5,5,5,15,High Value,3037.488
545573880,6,6,1265.38,5,5,5,15,High Value,1518.456
549761017,0,5,1267.68,5,5,5,15,High Value,1267.680
514829052,6,4,1264.85,5,5,5,15,High Value,1011.880
536168603,5,4,1265.05,5,5,5,15,High Value,1012.040
532359680,9,4,1264.61,5,5,5,15,High Value,1011.688
567644408,0,18,1265.11,5,5,5,15,High Value,4554.396
534426535,6,7,1264.17,5,5,5,15,High Value,1769.838
561535826,5,4,1264.23,5,5,5,15,High Value,1011.384
536243087,6,6,1123.33,5,5,5,15,High Value,1347.996
572669636,9,9,1265.13,5,5,5,15,High Value,2277.234
548851664,5,4,1123.27,5,5,5,15,High Value,898.616
526097834,0,6,1123.27,5,5,5,15,High Value,1347.924
513321560,7,5,1123.13,5,5,5,15,High Value,1123.130
549428053,8,4,1123.28,5,5,5,15,High Value,898.624
565995984,7,4,1122.93,5,5,5,15,High Value,898.344
573049439,6,8,1123.07,5,5,5,15,High Value,1796.912
518282896,1,5,1122.83,5,5,5,15,High Value,1122.830
514416946,3,8,1354.31,5,5,5,15,High Value,2166.896
562846368,4,4,1353.46,5,5,5,15,High Value,1082.768
512646676,4,3,1353.66,5,5,5,15,High Value,812.196
532203314,6,10,1352.95,5,5,5,15,High Value,2705.900
555494630,3,7,1356.17,5,5,5,15,High Value,1898.638
519162640,4,11,1352.52,5,5,5,15,High Value,2975.544
513066161,7,15,1352.63,5,5,5,15,High Value,4057.890
529457304,2,6,1352.48,5,5,5,15,High Value,1622.976
512600601,0,5,1352.77,5,5,5,15,High Value,1352.770
516003999,3,4,1352.36,5,5,5,15,High Value,1081.888
520598194,2,3,1352.36,5,5,5,15,High Value,811.416
574088769,9,3,1352.28,5,5,5,15,High Value,811.368
518326054,4,7,1352.77,5,5,5,15,High Value,1893.878
524042467,2,6,1352.10,5,5,5,15,High Value,1622.520
559560092,2,5,1352.19,5,5,5,15,High Value,1352.190
565053797,0,4,1351.86,5,5,5,15,High Value,1081.488
541020206,5,3,1352.19,5,5,5,15,High Value,811.314
553691528,2,9,1351.66,5,5,5,15,High Value,2432.988
525518968,3,7,1351.73,5,5,5,15,High Value,1892.422
530408833,5,5,1351.42,5,5,5,15,High Value,1351.420
531000360,8,20,1356.25,5,5,5,15,High Value,5425.000
575758782,6,4,1280.89,5,5,5,15,High Value,1024.712
523136101,2,4,1281.05,5,5,5,15,High Value,1024.840
516113429,9,13,1280.55,5,5,5,15,High Value,3329.430
562553255,3,11,1281.08,5,5,5,15,High Value,2818.376
533547947,1,5,1280.32,5,5,5,15,High Value,1280.320
570467977,6,4,1280.34,5,5,5,15,High Value,1024.272
578926282,0,4,1280.04,5,5,5,15,High Value,1024.032
566469552,4,5,1281.10,5,5,5,15,High Value,1281.100
523251329,2,10,1272.58,5,5,5,15,High Value,2545.160
525022682,4,3,1273.62,5,5,5,15,High Value,764.172
577063105,3,9,1272.90,5,5,5,15,High Value,2291.220
571678908,4,3,1273.58,5,5,5,15,High Value,764.148
565399405,9,5,1273.57,5,5,5,15,High Value,1273.570
566614980,2,3,1356.40,5,5,5,15,High Value,813.840
513231049,8,10,1274.14,5,5,5,15,High Value,2548.280
515526533,8,8,1274.87,5,5,5,15,High Value,2039.792
543915620,6,3,1274.54,5,5,5,15,High Value,764.724
577997645,0,4,1276.40,5,5,5,15,High Value,1021.120
563401016,0,21,1275.60,5,5,5,15,High Value,5357.520
523301605,0,5,1276.09,5,5,5,15,High Value,1276.090
513087157,9,4,1275.91,5,5,5,15,High Value,1020.728
538284491,3,3,1278.18,5,5,5,15,High Value,766.908
567696845,7,5,1276.51,5,5,5,15,High Value,1276.510
530505375,7,4,1277.12,5,5,5,15,High Value,1021.696
531929887,3,4,1276.99,5,5,5,15,High Value,1021.592
515480955,2,15,1277.96,5,5,5,15,High Value,3833.880
547667819,1,3,1277.21,5,5,5,15,High Value,766.326
512559426,6,3,1277.47,5,5,5,15,High Value,766.482
533005380,8,12,1277.42,5,5,5,15,High Value,3065.808
571805856,0,5,1281.31,5,5,5,15,High Value,1281.310
556264889,9,7,1278.47,5,5,5,15,High Value,1789.858
568570465,0,8,1278.77,5,5,5,15,High Value,2046.032
522896740,1,11,1278.70,5,5,5,15,High Value,2813.140
559074622,4,7,1279.60,5,5,5,15,High Value,1791.440
537782912,9,4,1279.29,5,5,5,15,High Value,1023.432
516807999,6,6,1279.59,5,5,5,15,High Value,1535.508
524834649,0,5,1279.59,5,5,5,15,High Value,1279.590
